title,anime_id
School Rumble,24
Re:Zero kara Hajimeru Isekai Seikatsu 2nd Season Part 2,42203
Shigatsu wa Kimi no Uso,23273
Ballroom e Youkoso,34636
Nodame Cantabile: Paris-hen,4477
Fruits Basket 2nd Season,40417
Tonikaku Kawaii,41389
Gamers!,34280
Seishun Buta Yarou wa Bunny Girl Senpai no Yume wo Minai,37450
Durarara!!x2 Shou,23199
Ryuugajou Nanana no Maizoukin (TV),21561
Rikei ga Koi ni Ochita no de Shoumei shitemita.,38992
Inou-Battle wa Nichijou-kei no Naka de,25159
Log Horizon,17265
Higurashi no Naku Koro ni,934
Nejimaki Seirei Senki: Tenkyou no Alderamin,31764
Kami nomi zo Shiru Sekai: Megami-hen,16706
Takt Op. Destiny,48556
Dakaretai Otoko 1-i ni Odosarete Imasu.,37597
Fullmetal Alchemist,121
Digimon Adventure 02,1313
Isshuukan Friends.,21327
Suisei no Gargantia,16524
Mushoku Tensei: Isekai Ittara Honki Dasu Part 2,45576
Psycho-Pass,13601
Pokemon XY&Z,31592
Kokkoku,36548
Yowamushi Pedal: Grande Road,24277
"Sentouin, Hakenshimasu!",41456
Nana,877
Haikyuu!! Second Season,28891
Nazo no Kanojo X,12467
Tokyo Revengers,42249
Mahouka Koukou no Rettousei: Raihousha-hen,40497
Busou Renkin,1536
Natsume Yuujinchou,4081
Saihate no Paladin,48761
MM!,8424
Ao no Exorcist: Kyoto Fujouou-hen,33506
To LOVE-Ru Darkness,13663
Kuroshitsuji,4898
Boku no Hero Academia 3rd Season,36456
Irozuku Sekai no Ashita kara,37497
Bokura wa Minna Kawai-sou,21405
Mushishi Zoku Shou 2nd Season,24701
Punch Line,28617
Darker than Black: Ryuusei no Gemini,6573
Golden Time,17895
Sword Art Online: Alicization - War of Underworld,39597
Shinchou Yuusha: Kono Yuusha ga Ore Tueee Kuse ni Shinchou Sugiru,38659
Uzaki-chan wa Asobitai!,41226
Haiyore! Nyaruko-san W,15699
Grancrest Senki,34279
Kaguya-sama wa Kokurasetai: Tensai-tachi no Renai Zunousen,37999
Tsurezure Children,34902
Bokutachi wa Benkyou ga Dekinai,38186
Amagi Brilliant Park,22147
Nichijou,10165
Elfen Lied,226
Aoi Bungaku Series,7193
Love Live! Sunshine!!,32526
"Kanojo, Okarishimasu",40839
Cross Ange: Tenshi to Ryuu no Rondo,25731
JoJo no Kimyou na Bouken Part 3: Stardust Crusaders 2nd Season,26055
Chuunibyou demo Koi ga Shitai!,14741
InuYasha: Kanketsu-hen,6811
Initial D Fourth Stage,18
Busou Shoujo Machiavellianism,33475
C: The Money of Soul and Possibility Control,10163
Great Teacher Onizuka,245
Kuzu no Honkai,32949
Adachi to Shimamura,39790
Initial D First Stage,185
Tensei shitara Slime Datta Ken 2nd Season,39551
Grisaia no Rakuen,29095
Sousei no Onmyouji,32105
Koi wa Ameagari no You ni,34984
86 Part 2,48569
Suzumiya Haruhi no Yuuutsu,849
Shokugeki no Souma,28171
Beck,57
SSSS.Gridman,35847
Darwin's Game,38656
Subete ga F ni Naru,28621
Selector Infected WIXOSS,22273
Soredemo Sekai wa Utsukushii,22101
Chrno Crusade,60
Mononoke,2246
Inuyashiki,34542
Mairimashita! Iruma-kun,39196
Basilisk: Kouga Ninpou Chou,67
Magi: Sinbad no Bouken (TV),31741
Devil Survivor 2 The Animation,16512
Back Street Girls: Gokudolls,36873
Chrome Shelled Regios,4186
Seitokai no Ichizon,5909
Gangsta.,25183
Maria†Holic,5030
Haiyore! Nyaruko-san,11785
Vanitas no Karte,48580
Sekirei,4063
Monogatari Series: Second Season,17074
Suzumiya Haruhi no Yuuutsu (2009),4382
Pokemon Advanced Generation,1564
Mushoku Tensei: Isekai Ittara Honki Dasu,39535
Itai no wa Iya nano de Bougyoryoku ni Kyokufuri Shitai to Omoimasu.,38790
Isekai Quartet,38472
Tenjou Tenge,174
Aldnoah.Zero 2nd Season,27655
Kishuku Gakkou no Juliet,37475
Vinland Saga,37521
One Piece,21
Gochuumon wa Usagi Desu ka?,21273
Arslan Senki (TV),28249
Gunslinger Girl,134
Osake wa Fuufu ni Natte kara,35484
Mangaka-san to Assistant-san to The Animation,21863
Baccano!,2251
Banana Fish,36649
Boku dake ga Inai Machi,31043
Highschool of the Dead,8074
Bungou Stray Dogs 2nd Season,32867
07-Ghost,5525
Darker than Black: Kuro no Keiyakusha,2025
Bokura ga Ita,1222
Owari no Seraph: Nagoya Kessen-hen,28927
Strike Witches,3667
Zero no Tsukaima F,11319
Pokemon,527
Dragon Ball,223
Shinmai Maou no Testament Burst,30363
Watashi ga Motenai no wa Dou Kangaetemo Omaera ga Warui!,16742
Gakusen Toshi Asterisk,30544
Dimension W,31163
Yuru Camp△,34798
Machine-Doll wa Kizutsukanai,17247
Kami no Tou,40221
Mikakunin de Shinkoukei,20541
No Guns Life,39539
K-On!!,7791
Angel Beats!,6547
Mahouka Koukou no Rettousei,20785
Watashi ni Tenshi ga Maiorita!,37993
Saiki Kusuo no Ψ-nan 2,34612
Ookami to Koushinryou,2966
Date A Live III,36633
Shingetsutan Tsukihime,169
Beastars 2nd Season,40935
Afro Samurai,1292
Wonder Egg Priority,43299
Devils Line,35928
Death Note,1535
Tanaka-kun wa Itsumo Kedaruge,32093
Yojouhan Shinwa Taikei,7785
Uta no☆Prince-sama♪ Maji Love 1000%,10321
Ichiban Ushiro no Daimaou,7088
Zero kara Hajimeru Mahou no Sho,34176
Tsubasa Chronicle,177
Death Parade,28223
High School DxD New,15451
Shingeki no Kyojin Season 3 Part 2,38524
5-toubun no Hanayome ∬,39783
Shakugan no Shana,355
Eizouken ni wa Te wo Dasu na!,39792
Ahiru no Sora,37403
Akkun to Kanojo,36864
Shaman King,154
Kanata no Astra,39198
Jormungand,12413
Youjo Senki,32615
Kyoukai no Kanata,18153
Kakegurui××,37086
Kujira no Kora wa Sajou ni Utau,34712
Chihayafuru,10800
Nanbaka,30016
Shokugeki no Souma: Gou no Sara,40902
Ao no Exorcist,9919
Re:Zero kara Hajimeru Isekai Seikatsu,31240
Shingeki no Kyojin: The Final Season,40028
Fugou Keiji: Balance:Unlimited,41120
Fumetsu no Anata e,41025
Boku no Hero Academia 5th Season,41587
Shinigami Bocchan to Kuro Maid,47257
Shingeki no Bahamut: Genesis,21843
Shakugan no Shana III (Final),6773
Serial Experiments Lain,339
Watashi ga Motete Dousunda,32899
JoJo no Kimyou na Bouken Part 5: Ougon no Kaze,37991
High School DxD Hero,34281
Ore no Imouto ga Konnani Kawaii Wake ga Nai,8769
Naruto: Shippuuden,1735
Gekkan Shoujo Nozaki-kun,23289
Hidan no Aria,8630
Musaigen no Phantom World,31442
Digimon Frontier,1132
"Shin no Nakama ja Nai to Yuusha no Party wo Oidasareta node, Henkyou de Slow Life suru Koto ni Shimashita",44037
Dororo,37520
Outbreak Company,19369
Taimadou Gakuen 35 Shiken Shoutai,24133
Campione!: Matsurowanu Kamigami to Kamigoroshi no Maou,12293
Fate/stay night,356
Non Non Biyori,17549
Shirobako,25835
Ore Monogatari!!,28297
Noblesse,41345
Ookami Shoujo to Kuro Ouji,23673
Space☆Dandy 2nd Season,23327
3-gatsu no Lion 2nd Season,35180
JoJo no Kimyou na Bouken Part 4: Diamond wa Kudakenai,31933
Hoshiai no Sora,37972
Hibike! Euphonium,27989
Black Lagoon: The Second Barrage,1519
Log Horizon 2nd Season,23321
Maoyuu Maou Yuusha,14833
Kakumeiki Valvrave,16668
Koukaku Kidoutai: Stand Alone Complex 2nd GIG,801
Love Hina,189
3-gatsu no Lion,31646
Aho Girl,34881
Sonny Boy,48849
Persona 4 the Animation,10588
"Maou Gakuin no Futekigousha: Shijou Saikyou no Maou no Shiso, Tensei shite Shison-tachi no Gakkou e Kayou",40496
Tate no Yuusha no Nariagari,35790
Akame ga Kill!,22199
Steins;Gate,9253
Wolf's Rain,202
Black Lagoon,889
Nisemonogatari,11597
Overflow,40746
Lucky☆Star,1887
Rozen Maiden,64
Inazuma Eleven,5231
Edens Zero,42192
Junjou Romantica,3092
Trinity Blood,27
Kimetsu no Yaiba: Mugen Ressha-hen,49926
Fate/Grand Order: Zettai Majuu Sensen Babylonia,38084
Shouwa Genroku Rakugo Shinjuu: Sukeroku Futatabi-hen,33095
Yuu☆Yuu☆Hakusho,392
Bishoujo Senshi Sailor Moon,530
Nabari no Ou,3655
Sayonara Zetsubou Sensei,2605
Sora no Otoshimono: Forte,8407
Free! Eternal Summer,22265
Danganronpa 3: The End of Kibougamine Gakuen - Zetsubou-hen,33028
Boku no Hero Academia 4th Season,38408
Nyan Koi!,6512
Heion Sedai no Idaten-tachi,42625
Orange,32729
Ore no Imouto ga Konnani Kawaii Wake ga Nai.,13659
Akatsuki no Yona,25013
ReLIFE,30015
Mahou Shoujo Madoka★Magica,9756
Neon Genesis Evangelion,30
Trigun,6
Sword Art Online Alternative: Gun Gale Online,36475
xxxHOLiC,861
Denpa Kyoushi (TV),29589
Boku wa Tomodachi ga Sukunai Next,14967
Itazura na Kiss,3731
Megalo Box,36563
Dungeon ni Deai wo Motomeru no wa Machigatteiru Darou ka III,40454
Kamisama ni Natta Hi,41930
Brave 10,11241
True Tears,2129
Bokutachi wa Benkyou ga Dekinai!,40004
Tokyo Mew Mew,687
Kobayashi-san Chi no Maid Dragon S,39247
Inu x Boku SS,11013
Kantai Collection: KanColle,21511
Mushishi,457
Koi to Yobu ni wa Kimochi Warui,41103
Ano Hi Mita Hana no Namae wo Bokutachi wa Mada Shiranai.,9989
Joker Game,31405
Ga-Rei: Zero,4725
Ajin 2nd Season,33253
Odd Taxi,46102
Kami nomi zo Shiru Sekai,8525
Ao Haru Ride,21995
No.6,10161
Shokugeki no Souma: San no Sara,35788
Air Gear,857
Fairy Tail: Final Series,35972
Sakura-sou no Pet na Kanojo,13759
Yamato Nadeshiko Shichihenge♥,1562
Kakegurui,34933
Hunter x Hunter (2011),11061
Prince of Stride: Alternative,31559
Heavy Object,27829
Beelzebub,9513
Black Bullet,20787
Shimoneta to Iu Gainen ga Sonzai Shinai Taikutsu na Sekai,29786
Seihou Bukyou Outlaw Star,400
Initial D Second Stage,186
Terra Formars,22687
5-toubun no Hanayome,38101
No Game No Life,19815
Hataraku Saibou!!,39586
Nodame Cantabile: Finale,5690
Gin no Saji 2nd Season,19363
D.Gray-man,1482
Kimetsu no Yaiba: Yuukaku-hen,47778
Senpai ga Uzai Kouhai no Hanashi,42351
Initial D Fifth Stage,15059
Kamisama no Inai Nichiyoubi,16009
Jigoku Shoujo,228
D-Frag!,20031
Hataraku Saibou Black (TV),41694
Blue Period,46352
Saenai Heroine no Sodatekata ♭,30727
Vivy: Fluorite Eye's Song,46095
Shiki,7724
Shingeki! Kyojin Chuugakkou,31374
Fate/stay night: Unlimited Blade Works 2nd Season,28701
Dumbbell Nan Kilo Moteru?,39026
Zero no Tsukaima: Futatsuki no Kishi,1840
Bokutachi no Remake,40904
Oda Nobuna no Yabou,11933
Honzuki no Gekokujou: Shisho ni Naru Tame ni wa Shudan wo Erandeiraremasen 2nd Season,40815
Owarimonogatari 2nd Season,35247
Gantz,384
Tengen Toppa Gurren Lagann,2001
"Ijiranaide, Nagatoro-san",42361
Kyoukaisenjou no Horizon,10456
InuYasha,249
Fate/kaleid liner Prisma☆Illya 2wei Herz!,27525
Golden Kamuy 2nd Season,37989
Shingeki no Bahamut: Virgin Soul,30736
Air,101
Yakusoku no Neverland,37779
Fairy Tail,6702
Baka to Test to Shoukanjuu Ni!,8516
Gatchaman Crowds,18229
World Trigger,24405
Nurarihyon no Mago: Sennen Makyou,10049
Ushio to Tora (TV) 2nd Season,31098
Arslan Senki (TV): Fuujin Ranbu,31821
UQ Holder!: Mahou Sensei Negima! 2,33478
Space☆Dandy,20057
Himouto! Umaru-chan R,35376
Gintama.: Shirogane no Tamashii-hen - Kouhan-sen,37491
"Watashi, Nouryoku wa Heikinchi de tte Itta yo ne!",37393
Needless,6030
Koukaku Kidoutai: Stand Alone Complex,467
Madan no Ou to Vanadis,24455
Haikyuu!!: Karasuno Koukou vs. Shiratorizawa Gakuen Koukou,32935
Haikyuu!!,20583
Yuru Yuri,10495
Yu☆Gi☆Oh! 5D's,3972
Osomatsu-san,31174
Akudama Drive,41433
Claymore,1818
Ookami-san to Shichinin no Nakama-tachi,7769
Tsugumomo,34019
Rurouni Kenshin: Meiji Kenkaku Romantan,45
Tasogare Otome x Amnesia,12445
Seitokai Yakuindomo,8675
Yahari Ore no Seishun Love Comedy wa Machigatteiru. Zoku,23847
B-gata H-kei,7817
Hamatora The Animation,20689
Working!!,6956
"Gate: Jieitai Kanochi nite, Kaku Tatakaeri 2nd Season",31637
"Kumo Desu ga, Nani ka?",37984
Ergo Proxy,790
Fate/Zero,10087
Mieruko-chan,48483
Shokugeki no Souma: Ni no Sara,32282
Prison School,30240
3D Kanojo: Real Girl 2nd Season,37956
Deca-Dence,40056
Tokyo Ravens,16011
Gantz 2nd Stage,395
Servamp,31229
Kingdom,12031
Satsuriku no Tenshi,35994
Dragon Ball Z,813
Hachimitsu to Clover,16
Gyakkyou Burai Kaiji: Ultimate Survivor,3002
Seirei Gensouki,44203
Mob Psycho 100,32182
Nomad: Megalo Box 2,40729
Hataraku Saibou (TV),37141
Karin,469
Senryuu Shoujo,38787
New Game!,31953
Mahoutsukai no Yome,35062
Baby Steps,21185
Sidonia no Kishi: Daikyuu Wakusei Seneki,24893
Detective Conan,235
Ryuuou no Oshigoto!,35905
Mobile Suit Gundam SEED Destiny,94
Noragami Aragoto,30503
Hellsing,270
Psycho-Pass 2,23281
Cowboy Bebop,1
Happy Sugar Life,37517
Mirai Nikki (TV),10620
Sidonia no Kishi,19775
Gungrave,267
Midori no Hibi,330
Full Metal Panic!,71
High Score Girl,21877
Toaru Majutsu no Index III,36432
Knight's & Magic,34104
Kotoura-san,15379
Guilty Crown,10793
Boku no Hero Academia,31964
ef: A Tale of Memories.,2924
Tamako Market,16417
"Doukyonin wa Hiza, Tokidoki, Atama no Ue.",38145
Toaru Kagaku no Railgun T,38481
Bungou Stray Dogs 3rd Season,38003
Asobi Asobase,37171
Zetman,11837
Devil May Cry,1726
Fruits Basket,120
Zankyou no Terror,23283
Kiseijuu: Sei no Kakuritsu,22535
Hyouka,12189
Vampire Knight,3457
Slayers,534
Zombieland Saga: Revenge,40174
Boogiepop wa Warawanai (2019),37451
Tenkuu no Escaflowne,182
Houseki no Kuni (TV),35557
Fate/stay night: Unlimited Blade Works,22297
Zero no Tsukaima,1195
Kuroshitsuji: Book of Circus,22145
K: Return of Kings,27991
Yuru Yuri San☆Hai!,30279
Last Exile,97
Natsume Yuujinchou Shi,11665
Araburu Kisetsu no Otome-domo yo.,38753
Gakkougurashi!,24765
Mahou Sensei Negima!,157
"Sekai Saikou no Ansatsusha, Isekai Kizoku ni Tensei suru",47790
Nanatsu no Taizai: Imashime no Fukkatsu,34577
Jujutsu Kaisen (TV),40748
Non Non Biyori Repeat,23623
Yuusha ni Narenakatta Ore wa Shibushibu Shuushoku wo Ketsui Shimashita.,18677
Kaze no Stigma,1691
Haikyuu!! To the Top,38883
Rokudenashi Majutsu Koushi to Akashic Records,32951
Maoujou de Oyasumi,40397
Diamond no Ace: Second Season,30230
Kobato.,5678
Sakura Trick,20047
K,14467
Horimiya,42897
Aoharu x Kikanjuu,30205
Mousou Dairinin,323
Love Stage!!,21105
Durarara!!,6746
One Punch Man 2nd Season,34134
High School DxD,11617
Super Lovers,31680
"Ore no Nounai Sentakushi ga, Gakuen Love Comedy wo Zenryoku de Jama Shiteiru",19221
Bleach,269
Gakkou no Kaidan,1281
Freezing,9367
Violet Evergarden,33352
Free!,18507
Hataraku Maou-sama!,15809
Working'!!,10521
Working!!!,25879
Kakushigoto (TV),40716
High Score Girl II,39570
Sora yori mo Tooi Basho,35839
Dr. Stone: Stone Wars,40852
Gintama.: Porori-hen,35843
Kamigami no Asobi,21563
Shuumatsu Nani Shitemasu ka? Isogashii Desu ka? Sukutte Moratte Ii Desu ka?,33502
Yamada-kun to 7-nin no Majo (TV),28677
Samurai 7,166
Danna ga Nani wo Itteiru ka Wakaranai Ken 2 Sure-me,29067
Shadows House,43439
Shokugeki no Souma: Shin no Sara,39940
Fate/kaleid liner Prisma☆Illya 2wei!,20509
Aldnoah.Zero,22729
Otome Game no Hametsu Flag shika Nai Akuyaku Reijou ni Tensei shiteshimatta...,38555
Danna ga Nani wo Itteiru ka Wakaranai Ken,26349
Youkoso Jitsuryoku Shijou Shugi no Kyoushitsu e (TV),35507
Koutetsujou no Kabaneri,28623
Yuri!!! on Ice,32995
Bishoujo Senshi Sailor Moon S,532
Mahou Shoujo Ikusei Keikaku,33003
Ore wo Suki nano wa Omae dake ka yo,38483
Goblin Slayer,37349
"Inari, Konkon, Koi Iroha.",20457
Hikaru no Go,135
Munou na Nana,41619
Boku wa Tomodachi ga Sukunai,10719
Isekai Maou to Shoukan Shoujo no Dorei Majutsu,37210
Days (TV),32494
Hanebado!,37259
D.N.Angel,61
Macross F,3572
Omamori Himari,6324
Kiznaiver,31798
Ping Pong the Animation,22135
Love Live! School Idol Project,15051
Chuunibyou demo Koi ga Shitai! Ren,18671
Kono Oto Tomare! 2nd Season,38889
Kimi ni Todoke 2nd Season,9656
Danganronpa: Kibou no Gakuen to Zetsubou no Koukousei The Animation,16592
Shingeki no Kyojin: The Final Season Part 2,48583
Kono Oto Tomare!,38080
Shakugan no Shana II (Second),2787
Umineko no Naku Koro ni,4896
xxxHOLiC: Kei,3091
Full Metal Panic! The Second Raid,73
Tsubasa Chronicle 2nd Season,969
Magi: The Kingdom of Magic,18115
Zero no Tsukaima: Princesses no Rondo,3712
Gintama.: Shirogane no Tamashii-hen,36838
Jigoku Shoujo Futakomori,1594
Gravitation,243
Btooom!,14345
Somali to Mori no Kamisama,39575
Princess Principal,35240
Sekirei: Pure Engagement,5277
Deatte 5-byou de Battle,43814
WWW.Working!!,33094
Servant x Service,18119
Tsuritama,12883
Sakamoto Desu ga?,32542
Yuukoku no Moriarty 2nd Season,43325
Bishoujo Senshi Sailor Moon R,740
ACCA: 13-ku Kansatsu-ka,33337
Bakuman.,7674
Sekaiichi Hatsukoi 2,11123
Girls & Panzer,14131
Dungeon ni Deai wo Motomeru no wa Machigatteiru Darou ka Gaiden: Sword Oratoria,32887
Arakawa Under the Bridge x Bridge,9074
Mobile Suit Gundam 00 Second Season,3927
Handa-kun,32648
Genjitsu Shugi Yuusha no Oukoku Saikenki,41710
Given,39533
Tonari no Kaibutsu-kun,14227
Fate/Apocrypha,34662
Gintama': Enchousen,15417
Mairimashita! Iruma-kun 2nd Season,41402
Seirei no Moribito,1827
Carole & Tuesday,37435
Soul Eater,3588
Yowamushi Pedal,18179
Shokugeki no Souma: San no Sara - Tootsuki Ressha-hen,36949
Joukamachi no Dandelion,28387
Koi to Senkyo to Chocolate,12175
Densetsu no Yuusha no Densetsu,8086
Tales of Zestiria the Cross,30911
Date A Live,15583
Fruits Basket: The Final,42938
Tonari no Seki-kun,18139
To LOVE-Ru Darkness 2nd,28979
Hitsugi no Chaika,20853
Monster,19
Yuukoku no Moriarty,40911
Wotaku ni Koi wa Muzukashii,35968
Shugo Chara!,2923
Junjou Romantica 2,4814
Chobits,59
Gakusen Toshi Asterisk 2nd Season,31737
Oushitsu Kyoushi Heine,34262
Kamisama Hajimemashita,14713
Acchi Kocchi,12291
Zombie-Loan,2404
JoJo no Kimyou na Bouken (TV),14719
New Game!!,34914
Mekakucity Actors,21603
Sora no Otoshimono,5958
Akagami no Shirayuki-hime 2nd Season,31173
Kannagi,3958
Nekomonogatari: Kuro,15689
Dragon Ball Super,30694
Jormungand: Perfect Order,13331
Kuragehime,8129
Minami-ke,2963
Free! Dive to the Future,36704
Gosick,8425
Yu☆Gi☆Oh!,550
91 Days,32998
Murenase! Seton Gakuen,40483
Magi: The Labyrinth of Magic,14513
Pandora Hearts,5530
Beastars,39195
Clannad,2167
Shingeki no Kyojin,16498
Phantom: Requiem for the Phantom,5682
Mobile Suit Gundam SEED,93
Zombieland Saga,37976
Rainbow: Nisha Rokubou no Shichinin,6114
Nisekoi:,27787
Eyeshield 21,15
Sakamichi no Apollon,12531
Rokka no Yuusha,28497
Tokyo Ghoul √A,27899
Karakai Jouzu no Takagi-san,35860
BNA,40060
Digimon Adventure,552
Jaku-Chara Tomozaki-kun,40530
Fruits Basket 1st Season,38680
God Eater,27631
Shingeki no Kyojin Season 3,35760
Fairy Tail (2014),22043
Gakuen Babysitters,35222
NHK ni Youkoso!,1210
Dragon Ball Kai (2014),22777
Yahari Ore no Seishun Love Comedy wa Machigatteiru. Kan,39547
Sakurako-san no Ashimoto ni wa Shitai ga Umatteiru,30187
Itsudatte Bokura no Koi wa 10 cm Datta.,36220
Honzuki no Gekokujou: Shisho ni Naru Tame ni wa Shudan wo Erandeiraremasen,39468
Log Horizon: Entaku Houkai,41109
Karneval (TV),16035
Yuragi-sou no Yuuna-san,36726
Haikyuu!! To the Top 2nd Season,40776
Drifters,31339
Ore no Kanojo to Osananajimi ga Shuraba Sugiru,14749
Poputepipikku,35330
Clannad: After Story,4181
Gugure! Kokkuri-san,23251
One Outs,5040
Denpa Onna to Seishun Otoko,9379
Chihayafuru 2,14397
Grand Blue,37105
Fate/Zero 2nd Season,11741
Digimon Tamers,874
Kanon (2006),1530
Accel World,11759
Seijo no Maryoku wa Bannou Desu,42826
Jinrui wa Suitai Shimashita,10357
Golden Kamuy,36028
Genshiken,240
Flying Witch,31376
Mashiro-iro Symphony: The Color of Lovers,10397
Myself; Yourself,2926
Baka to Test to Shoukanjuu,6347
Ajin,31580
Tokyo Ghoul,22319
Diamond no Ace,18689
Dorohedoro,38668
.hack//Sign,48
Yu☆Gi☆Oh!: Duel Monsters GX,482
Dungeon ni Deai wo Motomeru no wa Machigatteiru Darou ka II,37347
Gin no Saji,16918
Ansatsu Kyoushitsu 2nd Season,30654
Hunter x Hunter,136
Kore wa Zombie Desu ka?,8841
Hibike! Euphonium 2,31988
Hitoribocchi no Marumaru Seikatsu,37614
Katekyo Hitman Reborn!,1604
Trinity Seven,25157
Deadman Wonderland,6880
Sukitte Ii na yo.,14289
Uchuu Patrol Luluco,32681
Amaama to Inazuma,32828
Toaru Majutsu no Index II,8937
Yesterday wo Utatte,39710
Re:Creators,34561
Utawarerumono,856
Tsuki ga Michibiku Isekai Douchuu,43523
Owarimonogatari,31181
Kaguya-sama wa Kokurasetai? Tensai-tachi no Renai Zunousen,40591
Otome Game no Hametsu Flag shika Nai Akuyaku Reijou ni Tensei shiteshimatta... X,42282
Witch Craft Works,21085
Kenpuu Denki Berserk,33
Shinsekai yori,13125
Toradora!,4224
Akagami no Shirayuki-hime,30123
Date A Live II,19163
Little Busters!: Refrain,18195
Hajime no Ippo: Rising,19647
Bakuman. 2nd Season,10030
Azumanga Daioh,66
Kokoro Connect,11887
Hige wo Soru. Soshite Joshikousei wo Hirou.,40938
Full Metal Panic? Fumoffu,72
Ushio to Tora (TV),29854
Little Busters!,13655
Mayo Chiki!,10110
Usagi Drop,10162
Kaichou wa Maid-sama!,7054
Shoujo Shuumatsu Ryokou,35838
Hitsugi no Chaika: Avenging Battle,24231
Kamisama Hajimemashita◎,25681
JoJo no Kimyou na Bouken Part 3: Stardust Crusaders,20899
Initial D Final Stage,22507
Sewayaki Kitsune no Senko-san,38759
Jibaku Shounen Hanako-kun,39534
Plastic Memories,27775
Kono Subarashii Sekai ni Shukufuku wo! 2,32937
Strike the Blood,18277
One Punch Man,30276
Motto To LOVE-Ru,9181
Robotics;Notes,13599
Gokukoku no Brynhildr,21431
Gyakkyou Burai Kaiji: Hakairoku-hen,10271
Dungeon ni Deai wo Motomeru no wa Machigatteiru Darou ka,28121
Nanatsu no Taizai,23755
Flip Flappers,32979
Haibane Renmei,387
86,41457
Bungou Stray Dogs,31478
Rosario to Vampire,2993
Boku no Hero Academia 2nd Season,33486
Nodame Cantabile,1698
Medaka Box Abnormal,14527
Kobayashi-san Chi no Maid Dragon,33206
Himouto! Umaru-chan,28825
Naruto,20
Tales of Zestiria the Cross 2nd Season,34086
Natsume Yuujinchou Roku,34591
Nourin,18095
Higurashi no Naku Koro ni Gou,41006
Nurarihyon no Mago,7592
Medaka Box,11761
Mobile Suit Gundam Wing,90
Ouran Koukou Host Club,853
Nanatsu no Taizai: Seisen no Shirushi,31722
Seto no Hanayome,2104
Gleipnir,39463
Planetes,329
Id:Invaded,40046
Princess Tutu,721
"Slime Taoshite 300-nen, Shiranai Uchi ni Level Max ni Nattemashita",40586
Mnemosyne: Mnemosyne no Musume-tachi,3342
"Gate: Jieitai Kanochi nite, Kaku Tatakaeri",28907
The God of High School,41353
Mobile Suit Gundam 00,2581
Meikyuu Black Company,42340
Kaze ga Tsuyoku Fuiteiru,37965
Kono Subarashii Sekai ni Shukufuku wo!,30831
Kino no Tabi: The Beautiful World - The Animated Series,35079
Dagashi Kashi 2,36049
Junjou Romantica 3,25649
Yuru Yuri♪♪,12403
Occultic;Nine,32962
Fate/kaleid liner Prisma☆Illya,14829
Imouto sae Ireba Ii.,35413
Hagure Yuusha no Aesthetica,13161
Seitokai Yakuindomo*,20847
Kemono Jihen,40908
Just Because!,35639
Enen no Shouboutai,38671
Gintama.,34096
Black Clover,34572
ef: A Tale of Melodies.,4789
GJ-bu,14811
Kill la Kill,18679
Hitorijime My Hero,33654
3D Kanojo: Real Girl,36793
Durarara!!x2 Ten,27831
Yagate Kimi ni Naru,37786
Katanagatari,6594
Sekaiichi Hatsukoi,9926
Ookami to Koushinryou II,5341
Tensei shitara Slime Datta Ken 2nd Season Part 2,41487
Saiki Kusuo no Ψ-nan,33255
Noragami,20507
Binbougami ga!,13535
Kino no Tabi: The Beautiful World,486
Higurashi no Naku Koro ni Kai,1889
Kuroshitsuji II,6707
SKET Dance,9863
Tsuki ga Kirei,34822
Arakawa Under the Bridge,7647
K-On!,5680
Gintama°,28977
Tada-kun wa Koi wo Shinai,36470
Koukyoushihen Eureka Seven,237
Sankarea,11499
Sono Bisque Doll wa Koi wo Suru,48736
Darling in the FranXX,35849
Amagami SS+ Plus,11235
Isekai Shokudou,34012
Kami-tachi ni Hirowareta Otoko,41312
Love Live! School Idol Project 2nd Season,19111
Aku no Hana,16201
Karakai Jouzu no Takagi-san 2,38993
Mobile Suit Gundam: Iron-Blooded Orphans,31251
Psycho-Pass 3,39491
Kore wa Zombie Desu ka? of the Dead,10790
Gankutsuou,239
Keijo!!!!!!!!,32686
Princess Connect! Re:Dive,39292
Code Geass: Hangyaku no Lelouch,1575
Toaru Kagaku no Accelerator,38480
Overlord III,37675
Shuffle!,79
Isekai Quartet 2,39988
Kami nomi zo Shiru Sekai II,10080
Tsukimonogatari,28025
Nagi no Asu kara,16067
Kyokou Suiri,39017
Kuroko no Basket 2nd Season,16894
Dr. Stone,38691
Mob Psycho 100 II,37510
Rakudai Kishi no Cavalry,30296
Shingeki no Kyojin Season 2,25777
Keppeki Danshi! Aoyama-kun,34825
Love Lab,16353
Junketsu no Maria,26441
Freezing Vibration,18001
Nisekoi,18897
Sword Art Online: Alicization - War of Underworld 2nd Season,40540
Nogizaka Haruka no Himitsu,3467
Zoku Natsume Yuujinchou,5300
Ranma ½,210
Jitsu wa Watashi wa,29785
"Komi-san wa, Comyushou desu.",48926
Danganronpa 3: The End of Kibougamine Gakuen - Mirai-hen,32189
Natsume Yuujinchou Go,32983
Hinamatsuri (TV),36296
Zetsuen no Tempest,14075
Toaru Majutsu no Index,4654
Shinryaku! Ika Musume,8557
Sengoku Basara,5355
Majo no Tabitabi,40571
Kuroko no Basket 3rd Season,24415
Blood+,150
Hanasaku Iroha,9289
Kimi to Boku.,10460
Rokujouma no Shinryakusha!? (TV),22865
Hayate no Gotoku!,2026
"Uchi no Ko no Tame naraba, Ore wa Moshikashitara Maou mo Taoseru kamo Shirenai.",39324
To LOVE-Ru,3455
Aoki Hagane no Arpeggio: Ars Nova,18893
D.Gray-man Hallow,32370
Aa! Megami-sama! (TV),50
Pokemon Diamond & Pearl,1565
Kimi ga Nozomu Eien,147
Yahari Ore no Seishun Love Comedy wa Machigatteiru.,14813
Owari no Seraph,26243
Romeo x Juliet,1699
Paradise Kiss,322
Toaru Kagaku no Railgun S,16049
Lovely★Complex,2034
High School DxD BorN,24703
Ishuzoku Reviewers,40010
Sirius,37569
Hajime no Ippo: New Challenger,5258
Dragon Ball Kai,6033
Code Geass: Hangyaku no Lelouch R2,2904
Hakuouki,6895
Demi-chan wa Kataritai,33988
Kono Bijutsubu ni wa Mondai ga Aru!,31952
Onegai☆Teacher,195
Special A,3470
Vampire Knight: Guilty,4752
Yumekui Merry,9331
Hajime no Ippo,263
Kekkai Sensen,24439
Dog Days,10155
Yuru Camp△ Season 2,38474
Kareshi Kanojo no Jijou,145
Nijiiro Days,31414
Ousama Ranking,40834
Steins;Gate 0,30484
Skip Beat!,4722
Durarara!!x2 Ketsu,27833
Saint Seiya,1254
Tokyo Magnitude 8.0,6211
Tennis no Ouji-sama,22
Barakamon,22789
Great Pretender,40052
Kimetsu no Yaiba,38000
Shijou Saikyou no Deshi Kenichi,1559
Higashi no Eden,5630
Mawaru Penguindrum,10721
Overlord,29803
Sword Art Online: Alicization,36474
Sword Art Online,11757
Papa no Iukoto wo Kikinasai!,11179
SK∞,42923
Yu☆Gi☆Oh! Duel Monsters,481
Blood Lad,11633
Blend S,34618
Charlotte,28999
Gintama,918
Re:␣Hamatora,23421
Toaru Kagaku no Railgun,6213
Dance in the Vampire Bund,6747
Amagami SS,8676
Mondaiji-tachi ga Isekai kara Kuru Sou Desu yo?,15315
Overlord II,35073
Seiken Tsukai no World Break,22663
Black★Rock Shooter (TV),11285
Mobile Suit Gundam: Iron-Blooded Orphans 2nd Season,33051
Mushishi Zoku Shou,21939
Enen no Shouboutai: Ni no Shou,40956
Kimi no Iru Machi,17741
Hentai Ouji to Warawanai Neko.,15225
Kimi ni Todoke,6045
Masamune-kun no Revenge,33487
White Album 2,18245
Grisaia no Kajitsu,17729
Bakemonogatari,5081
Slam Dunk,170
Hai to Gensou no Grimgar,31859
Re:Zero kara Hajimeru Isekai Seikatsu 2nd Season,39587
Gintama',9969
Tiger & Bunny,9941
Choujigen Game Neptune The Animation,16157
Kuroko no Basket,11771
Fullmetal Alchemist: Brotherhood,5114
Panty & Stocking with Garterbelt,8795
Made in Abyss,34599
Tensei shitara Slime Datta Ken,37430
Black Cat (TV),68
Little Witch Academia (TV),33489
Ben-To,10396
Hanamonogatari,21855
Canaan,5356
Kiniro Mosaic,16732
Shouwa Genroku Rakugo Shinjuu,28735
Danshi Koukousei no Nichijou,11843
Monster Musume no Iru Nichijou,30307
School Rumble Ni Gakki,846
Kekkai Sensen & Beyond,34451
Ghost Hunt,1571
Saenai Heroine no Sodatekata,23277
Ansatsu Kyoushitsu,24833
Another,11111
Bakuman. 3rd Season,12365
Gabriel DropOut,33731
Ano Natsu de Matteru,11433
Rosario to Vampire Capu2,4214
Kamisama no Memochou,10568
Pokemon XY,19291
Jahy-sama wa Kujikenai!,48753
Hyakka Ryouran: Samurai Girls,8277
Tensura Nikki: Tensei shitara Slime Datta Ken,41488
Natsume Yuujinchou San,10379
Cardcaptor Sakura,232
Samurai Champloo,205
Boku no Hero Academia: Ikinokore! Kesshi no Survival Kunren,42603
Quanzhi Gaoshou,33926
JoJo no Kimyou na Bouken Part 6: Stone Ocean,48661
Ore no Imouto ga Konnani Kawaii Wake ga Nai Specials,10020
Baki,34443
Aggressive Retsuko (ONA) 2nd Season,37985
Bishoujo Senshi Sailor Moon Crystal,14751
Mo Dao Zu Shi,37208
Net-juu no Susume,36038
Hetalia Axis Powers,5060
Saiki Kusuo no Ψ-nan: Ψ-shidou-hen,40542
Aggressive Retsuko (ONA),36904
Koyomimonogatari,32268
Eve no Jikan,3167
Devilman: Crybaby,35120
Nanbaka 2,34414
Chuunibyou demo Koi ga Shitai! Lite,15687
Baki: Dai Raitaisai-hen,39555
Xian Wang de Richang Shenghuo,41094
Plastic Neesan,10711
Noblesse: Awakening,32668
B: The Beginning,32827
Kengan Ashura,36903
Gokushufudou,43692
Shiguang Dailiren,44074
Hoshi no Koe,256
IS: Infinite Stratos Encore - Koi ni Kogareru Rokujuusou,10794
Kaguya-sama wa Kokurasetai: Tensai-tachi no Renai Zunousen OVA,43609
Shingeki no Kyojin: Lost Girls,36106
Prison School: Mad Wax,32485
Deadman Wonderland: Akai Knife Tsukai,10418
To LOVE-Ru Darkness OVA,13851
Isekai no Seikishi Monogatari,5781
Dungeon ni Deai wo Motomeru no wa Machigatteiru Darou ka OVA,32801
"High School DxD New: Oppai, Tsutsumimasu!",30300
Rurouni Kenshin: Meiji Kenkaku Romantan - Tsuioku-hen,44
Wotaku ni Koi wa Muzukashii OVA,38349
Boku no Hero Academia: Sukue! Kyuujo Kunren!,33929
Bungou Stray Dogs: Hitori Ayumu,33071
Kamisama Hajimemashita: Kako-hen,30709
Hunter x Hunter: Greed Island Final,139
Boku no Hero Academia: Training of the Dead,35459
Akatsuki no Yona OVA,30370
Hunter x Hunter: Greed Island,138
Higurashi no Naku Koro ni Rei,3652
High School DxD BorN: Yomigaeranai Fushichou,32215
Kamisama Hajimemashita OVA,18661
Shinmai Maou no Testament: Toujou Basara no Hard Sweet na Nichijou,29027
Seitokai Yakuindomo OVA,10119
Kami nomi zo Shiru Sekai: Tenri-hen,15117
Fairy Tail OVA,9982
Kishibe Rohan wa Ugokanai,33191
Another: The Other - Inga,11701
Strike the Blood II,33286
Kiss x Sis,5042
Hunter x Hunter: Original Video Animation,137
Ookami to Koushinryou II: Ookami to Kohakuiro no Yuuutsu,6007
Kami nomi zo Shiru Sekai: 4-nin to Idol,10805
Haikyuu!! Lev Genzan!,25303
Nanatsu no Taizai OVA,30347
Date A Live: Date to Date,17641
Haikyuu!! Riku vs. Kuu,40262
Baka to Test to Shoukanjuu: Matsuri,9471
Ao Haru Ride OVA,24151
Noragami Aragoto OVA,30885
Shokugeki no Souma: Ni no Sara OVA,34480
Boku wa Tomodachi ga Sukunai: Yaminabe wa Bishoujo ga Zannen na Nioi,10897
Kore wa Zombie Desu ka? OVA,10209
Tensei shitara Slime Datta Ken OVA,38793
Mahoutsukai no Yome: Hoshi Matsu Hito,32902
Black Lagoon: Roberta's Blood Trail,4901
Final Fantasy VII: Advent Children Complete,2952
Fairy Tail x Rave,18393
Yahari Ore no Seishun Love Comedy wa Machigatteiru. Zoku OVA,33161
To LOVE-Ru OVA,5667
Date A Live II: Kurumi Star Festival,22961
Lucky☆Star: Original na Visual to Animation,4472
Shingeki no Kyojin OVA,18397
Shingeki no Kyojin: Kuinaki Sentaku,25781
Hyouka: Motsubeki Mono wa,13469
Trinity Seven: Nanatsu no Taizai to Nana Madoushi,28285
Ginga Eiyuu Densetsu,820
FLCL,227
"Tokyo Ghoul: ""Pinto""",31297
Detroit Metal City,3702
Black★Rock Shooter (OVA),7059
Kono Subarashii Sekai ni Shukufuku wo! 2: Kono Subarashii Geijutsu ni Shukufuku wo!,34626
High School DxD OVA,12729
Mirai Nikki: Redial,16762
Noragami OVA,20767
Kuroshitsuji: Book of Murder,23317
Nisekoi OVA,24227
Sora no Otoshimono: Project Pink,7858
Carnival Phantasm,10012
One Punch Man: Road to Hero,31704
Denpa-teki na Kanojo,5177
Boku wa Tomodachi ga Sukunai: Relay Shousetsu wa Ketsumatsu ga Hanpanai,14027
Mirai Nikki,8460
"Tokyo Ghoul: ""Jack""",30458
Kono Subarashii Sekai ni Shukufuku wo!: Kono Subarashii Choker ni Shukufuku wo!,32380
Yahari Ore no Seishun Love Comedy wa Machigatteiru. OVA,18753
Golden Boy,268
Hellsing Ultimate,777
